ID,motif,periods,mutation,flank_l,flank_r,text
1,AGA,15,0,8,8,GAGTACACAGAAGAAGAAGAAGAAGAAGAAGAAGAAGAAGAAGAAGAAGAAGATCATGCCA
2,GCTGG,10,0,20,20,ACGCGAAAACACAAGCAGGTGCTGGGCTGGGCTGGGCTGGGCTGGGCTGGGCTGGGCTGGGCTGGGCTGGGCGTCGGTCAGAGCAGTTAA
3,NA,NA,NA,NA,NA,GAGTACACAGAAGAAGAAGAAGAAGAAGAAGAAGAAGAAGAAGAAGAAGAAGATCATGCCAACGCGAAAACACAAGCAGGTGCTGGGCTGGGCTGGGCTGGGCTGGGCTGGGCTGGGCTGGGCTGGGCTGGGCGTCGGTCAGAGCAGTTAA
4,ATGCT,10,0,20,25,ATCACCGTCGATCGCGGATTATGCTATGCTATGCTATGCTATGCTATGCTATGCTATGCTATGCTATGCTTCGAATCTTGCCACGCCTATGGGCC
5,ATGCT,15,0,20,25,ATGCACCGTCGATCGCGATTATGCTATGCTATGCTATGCTATGCTATGCTATGCTATGCTATGCTATGCTATGCTATGCTATGCTATGCTATGCTTCGAATCTGCCACGCCTATGAGCC
6,GTAATCTCAC,20,9,80,80,AGCTAACACGCTAGCTGGTTCCGGGCAAGTAACTTTAGATCAGTGGTTCACGCTTTATACAAGGAACCGTGTCCCGCTCGGTCATCTCACGTAATCTAACGTAATCTCACGTAATCTCACGTAATCTCACGTAATCTCCGTAATCTCACGTTAATCTCACGTAATCTCACGTCAATCTCACGTAATCTCACGTATCTCACGTACATCTCACGTAATCTCCGTATCTCACGTAATCTCACGTAATCTCACGTAATCTCACGTAATCTCACGTAATCTCACATGGCTCATCATGCGCTAGCGTTGGCGACTGATACGGCATTTTGCCATTAGCTCGGGATGGACGTATTTGGGCACAGCCC
7,ATACCGTTTCGGTCTATTCATGAAGGGCACCGCGGCTCCCGTCGAAATGC,40,165,150,125,CTTTGACCTTAGTACCGCCTCTGCCTCTAATTTTCGAGCAGGCCCGGTGCCCCAGAATGTTATGGGGCCGGGGATGCTAACCTAGGGCAAGTATGGAATCCGTCCGGGAGATAAAACCGGGTCTGTTCGAGGTGAATAGTGCAAGTTTCGAACCTTTTCGGTACTATTCATGAAGGGCACCGCGGCTCCCGTCGTAAAGTGCATACCGTTTCGGTCTATTTCATGAAGGGCACCGCGGCTCCGTCAAATGCATACGGTTCGGTCTATTAATGAAGGGCAGGCCGGCTCCCGTCGAAATGCATACCGTTGGGTCTATTCATGAAGGGCATCGCGGCTCCCCTTCGAAATGCATACCGTCTTCGGTCTATTCATGAAGGGCACCGCGCCTCCCGTCGATAAGCATACCGTTTCGGTCTATTCATGAAGGGCACCGTGGCCTCCCGTCGAATCATACGTTTCGAGTCGTCATAAAGGGCACCGCGGCTCCCGTCGAAATGCATACCGTTTCGGTCTATTCATGAAGGGCACCGCGGCTCCCGTCGAAATGCACTACCGTTCAGTCTATTCATGAGGGCACCGCGGCTCCCGTGAAATGCATACCGTTTCGGTCTATTCATGACGGGCACCGCGGCTCCCGTCGAAAAAGCATACCCGTCTTCGGCTATTCATGAAGGCACCGCGGCTCCCGATCGAAATGCATACCGTTCGGTCTATTGCAATGAAGGGCACCGCGGCTCCCGTCGGAATGCTATACCGTTCCGGTCTATTCATGAAGGGCACCCGGCTCCGTCAAATGCATACCGTTTCGGTCTATTCATGAACGGGCATCGTCGCGCCCCCGTCGATAATCATACCGTTTGGTCTATTCATGAAGGCCACCGACGGCTCCCGTCACATGCATACGTTTCGGTCTATTCATGAAGGGCACCGCCGCTCCCGTCCAAATGCATACCGTTGGGTCTATTCATGATAGGGCACCGCGGCTCCCGTCGAAATGCATACCGTTTCGGACTATTCATGAAGGGCATCCGCGGCTTCCGTCGAAAGGCATACCGTTTCGGTCTATTCATGAAGGGCACAGCGGCTCCCGTCGAAATGCATACCGGTTTCGGCTTTCATGAAGGGCATCGCGGCTCCCGTCGAAATGCATACCGTTTCGGTCTATTCAGTGAAGGGCACCGCGTCTCCCGTCGAAATGCATTCGCGTTTCGGTCTATTCATGAAGGGACCGCGGCTCGCCGTGCGAAATGCATACCGTTTCGGTCTATCATAAAGGGCAGCCGCGGCTCCGTCGAAATGCAGACCGTTCGGTCTTATTCTGAAGGGCACCGCGGCTCTCGTGGAAATGCATACCGTTTCGGCTATTCATTGAAGGGCACCGCGGCTCCCGTCGAAATGCATACCGTTGCGGTCTGTTCATGAAGGGCACCGCGGCTCCGTCGAAATGCAACCGTTTCGGTCTATCTCATGAAGGGCACCGCGGCTCCCATCCAAATGCATACCGTTTCGGTCTATCATGAAGGGCCCCGCGGCCTCCCGTCGAAATGCATACCGTATCGGTCTATTCATGAAGGGCACCGCGGCTCCTGTCGAAATGCATACCTTTCGGTCTATTCATGAACGGGCACCGCGGCTCCCCGTCGAAATGCATACCGTTTCGGTCTATTGATGAAGGGCACGCGGCTCCCCCTCGAAATCATACCGTTTCGGTATATACATGGAAGGCACCGGGCTCCCGTCGTAATGCATACCGTTTCAGTCTATTCATGAAGGGCACCGCGGCTCCCGTCGAAATGCATACCGTTTCGGTCTATTCATGCAAGGGCACCGCGGACTCGTCGACAATGCATACCGTTTCGGCTATTCATGAAGGGCACCGCAGGCTCCCGTCTGACAATGCATACTGTTTCGGTCTATTCATGAAGGGACCGCGGCTCCCGTCGCAATGCATACCGTTTCGGCCATTCATGAAGGGCACCGCGGCTCCGTCGAAATCATACCGTTTCCGGTAGTTCATGAAGGGCACCGCGGCTCCCGTCGAAATGCATATCCATTTCGAGTATCATTGAAGGGCACCGCGGCTCCCGTACGAAATGCAGTCGTTTCAGTCTATTCATGAGGGCACCGCGGCTCCCGCTGCGAAATGCGGAAACGATCTACGTTTTCCAGGGGAAGTCTTCCGATTCTTTATAACATACTATGCATGGTTTTTAACCGCCAACACTGACATGCCATTTAGTGTAGGCTAAAATTTAAAGTTCGCCAGTAACTA
8,TATGCGCAACCACAATATTC,7,5,120,90,TCACAAAGGTGTGAGACACTAATCGAATTGTTCCTTGTAATATACACGGAGTTGATGGGCTCGAGTTACGGCTATGACTCACCTTTACGTTACTTACCGACGGGTCTGTAACAGAGCGTTTATGCGCAACCACAATATTCTATGCGCAACCACAATATTCTATGCGCAACCACAATATTCTATGCGCAACCACAATATTCTATGCGCAACCAAAATATTCTATGCCGAACCACAATCTTCGATGCGCAACCACAATATTCAGGAACACTCACTGGAAAAGATAGACATCTTATATTCCCCGGAACAACGAGTGGAAGCCGGCTGCGAGGCGATGATGATGCAAGAGCGTT
9,TATGCGCAACCACAATATTC,11,5,120,90,TCACAAAGGTGTGAGACACTAATCGAATTGTTCCTTGTAATATACACGGGGTTGTGGGCTCGAGTTACGGCTATGACTCACCTTTACGTTACTTACCGACGGGTCTGTAACAGAGCGTTTATGCGCAACCACAATTTCTATGCGCAACCACAATATTCTATGCGCAACCACAATATTCTATGCGCAGCCACAATATTCTATGAAGCAACCACAATATTCTATGCGCAACCACAATATTCTATGCGCAACCCAATATTCTATGGGCAACCACAATATTCTTGCGCAACCACAATATTCTATGCGCAACCACAATTTCTATGCGCAGCCACAATATTCAGGAACACTCACTGGAAAAGATAGACATCTATATTCCCCGGAACAATCGAGTGGAAGCCGGCTGCGAGGCGATGATGATGCAAGGCGTT
